Timestamp,GlobalX,GlobalY,GlobalYaw,XVelocity,YVelocity,YawVelocity,MotorTemp,BodyTemp,BatteryLevel,TimeToTarget,Mode
2025-07-03 14:01:15.370425+00:00,0.37384901704958917,-0.05921260498010586,10.569061488973816,0.01966319101280038,0.0038494880067746658,-0.03145819955750634,72.3338636605353,41.817069192539975,85.90217735537595,52,Idle
2025-07-03 14:01:25.380509+00:00,0.334971690981678,-0.07277263763560776,8.681016775921687,0.014473652033997591,-0.001857295249263636,-0.15015414910628566,72.72554175366244,41.73617287145698,85.85517337678206,53,Idle
2025-07-03 14:01:40.735411+00:00,0.30863686371643884,-0.11622807442735592,6.687423994106879,0.005542744056690431,0.015613788805421663,-0.2988398915601961,72.86856401395566,41.66828215136636,85.81942174227001,51,Idle
2025-07-03 14:02:00.600945+00:00,0.2749928297105891,-0.08267241088802611,6.485960542301877,0.016990635691113268,-0.0015676593336678285,-0.14666236138184896,73.15462272118063,41.55221048305864,85.7706195467756,54,Idle
2025-07-03 14:02:25.765385+00:00,0.2768706744834465,-0.07508897010082691,6.671779596546737,0.018894171737264896,-0.008241235970514571,-0.3340719662144953,73.28403334648107,41.52157447602889,85.6954129418276,58,Delivering Tool
2025-07-03 14:02:56.027928+00:00,0.2293445184258203,-0.0945366857488601,6.406576119912883,0.022674733180778506,-0.027705971558535544,-0.23424955701235933,73.37806685244996,41.679815669619714,85.64442472994509,61,Delivering Tool
2025-07-03 14:03:30.968252+00:00,0.24749428104487192,-0.07326612072156834,4.460934882687994,0.01329143330272665,-0.041454767427157764,-0.404189824568719,73.82682835385752,41.81480646013634,85.55065295289755,63,Retrieving Tool
2025-07-03 14:04:10.828691+00:00,0.25368710063906336,-0.10700979368866384,5.266067200816842,0.005704835418910363,-0.054048155174906486,-0.23102784125486336,73.88699242493809,41.872604047559676,85.47557565845793,60,Idle
2025-07-03 14:04:55.557532+00:00,0.2977637915892543,-0.14648643603837205,4.251778682314696,0.01022698648009929,-0.0650746721769353,-0.26660213325248905,73.74368998387241,42.06640436884619,85.39510154707563,56,Retrieving Tool
2025-07-03 14:05:45.316849+00:00,0.27909874241854143,-0.18922458420066948,4.830214529076464,0.019886317532736585,-0.05976899334454405,-0.30361831446925713,73.4023266575421,42.23003991825693,85.30164468064326,57,Idle
2025-07-03 14:06:40.446107+00:00,0.3282082104353867,-0.15423116719821775,4.506460105523706,0.016582411410166583,-0.04832571561727886,-0.2300324346680806,73.59264963674812,42.20840238563379,85.28678389199499,58,Delivering Tool
2025-07-03 14:07:40.121664+00:00,0.3620950831141372,-0.1954637925032895,4.213286826655043,0.03333686636838573,-0.04130208445108313,-0.2205418750968551,73.67777651325225,42.083424307534514,85.22279641100941,62,Retrieving Tool
2025-07-03 14:08:44.816569+00:00,0.3959783993092454,-0.244825197081908,4.146409316773395,0.023236625056845976,-0.04040548364437617,-0.09983466044497716,74.08353468302276,41.95408912317466,85.20077724509034,60,Retrieving Tool
2025-07-03 14:09:55.022867+00:00,0.41445874158535234,-0.2659233069977903,5.674119440164596,0.03854141705613204,-0.03611662911391199,0.016036366408414465,74.40793137976775,42.01422627524918,85.15640168361388,59,Delivering Tool
2025-07-03 14:11:09.962694+00:00,0.41207000733279175,-0.2196327834956752,3.6986771553393396,0.05360479259747125,-0.027612726791898894,-0.05593831813278155,74.12939538039362,41.821361480192316,85.07029277773417,61,Retrieving Tool
2025-07-03 14:12:29.900091+00:00,0.4396980535311008,-0.2516919304963185,2.0830592962933348,0.03469046341187046,-0.04577154503664228,-0.04709540618638247,73.658402754621,41.85231053850898,85.04316263059552,60,Delivering Tool
2025-07-03 14:13:54.541814+00:00,0.39180547464456306,-0.29906479372034983,1.9542139752260033,0.04892191553169925,-0.03259455412551375,0.013119977926917936,73.63845087114225,42.02205601722038,85.01348411340439,56,Delivering Tool
2025-07-03 14:15:24.570882+00:00,0.4351678229635644,-0.3081540989599373,0.31334510894087586,0.055849062129783564,-0.04312813759417779,0.19612416043751535,73.42133705845605,42.204619181602006,84.94422744316775,55,Idle
2025-07-03 14:17:00.067444+00:00,0.4630875848640056,-0.3524953591626313,0.014078688057752586,0.06608134316528919,-0.044593401135748445,0.29716644051006924,73.15416427199291,42.14433609079141,84.86025096191698,51,Idle
2025-07-03 14:18:39.681718+00:00,0.5063502967914789,-0.3720636637539392,0.9615796405026833,0.07216305474326143,-0.04596873001693326,0.25702769701380035,72.9164109607842,42.25050972798122,84.82878739255388,49,Idle
2025-07-03 14:20:24.770467+00:00,0.48221455725851914,-0.41740182667680636,2.6193678265563904,0.08042939741003727,-0.05320431691214036,0.06261809605696209,72.81992776381954,42.18563741317785,84.73620302633665,44,Delivering Tool
2025-07-03 14:22:14.285503+00:00,0.44912474207242736,-0.4265564085303971,0.745612190018242,0.08518175282644498,-0.050740181702404547,0.14487606014665108,73.18475067378301,42.076603311072866,84.65696466451344,48,Delivering Tool
2025-07-03 14:24:08.857376+00:00,0.4331701703698896,-0.4219679340317776,358.8864847092966,0.07020032972688647,-0.037211124692221195,0.13555634372313538,73.1231262130753,41.92525606032844,84.57205345570468,46,Delivering Tool
2025-07-03 14:26:08.635776+00:00,0.4655207245184423,-0.40382047730918114,359.82884593782444,0.08203454960376412,-0.019183905714207892,0.05593979444687153,73.2936361766207,41.74610281824182,84.4966229266874,47,Delivering Tool
2025-07-03 14:28:13.751560+00:00,0.5128959844253227,-0.4296604947169882,358.67988066078266,0.06640617719866287,-0.023153468134148675,0.21401663143999328,72.987220025779,41.71909734762141,84.45284516285213,47,Retrieving Tool
2025-07-03 14:30:23.594141+00:00,0.4770723636178175,-0.39147829326202427,357.62919942344246,0.08308962190650565,-0.02695474972237273,0.225854439258023,73.02172972269494,41.744115868635085,84.38241196191062,51,Delivering Tool
2025-07-03 14:32:38.791961+00:00,0.5262699592454414,-0.3605326826367729,357.06296181623554,0.0666574026601083,-0.03828864935343065,0.14493114096598175,72.78045506087007,41.60516265925032,84.36334755831477,47,Retrieving Tool
2025-07-03 14:34:59.003124+00:00,0.5476996214888793,-0.3635978482848984,357.7715970097105,0.054918663557466996,-0.04273885926427603,0.2939041171902208,72.33947452499338,41.42204790174734,84.32351325586937,44,Idle
2025-07-03 14:37:24.066368+00:00,0.5578962102080448,-0.31463851257675357,357.22069831115994,0.05068828577508899,-0.027715727958521567,0.41924987945173614,72.3632010930053,41.378129741322496,84.2426652852319,40,Retrieving Tool
2025-07-03 14:39:54.170347+00:00,0.5213824607479266,-0.27632495463438195,356.8361449288437,0.03741709324213706,-0.03676914783522698,0.34205012198885854,72.1284396631368,41.34758469985563,84.166848299463,42,Retrieving Tool
2025-07-03 14:42:28.703833+00:00,0.5530888770161964,-0.2503585447593678,356.23617864026573,0.04244013129818134,-0.04647484117214919,0.3749985188452473,72.5932373866985,41.174623957316335,84.06722199787266,45,Idle
2025-07-03 14:45:09.164594+00:00,0.5354801298021392,-0.2058411982672451,357.99445836061716,0.02882635055234293,-0.04911810248227157,0.3283418748527924,72.58879572842423,41.01626627996401,84.0061511058051,44,Idle
2025-07-03 14:47:53.686021+00:00,0.5043816019210966,-0.17872820417565227,359.3401975451744,0.016511435983029232,-0.047733984000897296,0.3217752453079406,72.81332892746546,40.82371711773306,83.97090496707666,40,Idle
2025-07-03 14:50:43.652269+00:00,0.46082139269216826,-0.14915913487511073,357.84907300589254,-0.0014010090179530747,-0.0372944628398277,0.2232709563766555,72.99217103389755,40.87897599210555,83.90244596039538,40,Delivering Tool
2025-07-03 14:53:38.879897+00:00,0.47840557992556215,-0.19565209292957017,357.7888845913008,0.009341685871401741,-0.05225764537994926,0.289419715598422,73.08361269117205,40.921513013998506,83.82325287620132,39,Idle
2025-07-03 14:56:38.994520+00:00,0.43004911584581224,-0.1715346132454545,357.5367338494771,0.010782149308186332,-0.06787486249532176,0.20037242561055063,73.55866602834142,40.90738117895405,83.75107276971023,43,Delivering Tool
2025-07-03 14:59:43.759838+00:00,0.3986893115282556,-0.15106549121670437,358.3625495602851,0.02830766535563517,-0.06252371712766605,0.305313833806483,74.05564969610425,40.7379489234273,83.73221978979818,44,Delivering Tool
2025-07-03 15:02:53.604782+00:00,0.40565431541318814,-0.19898313922307898,357.55739744412506,0.023989363947660134,-0.0799996976655726,0.1357186008831559,74.16544878503157,40.57165487569153,83.71777887281048,43,Idle
2025-07-03 15:06:08.595674+00:00,0.35700204268514235,-0.2251859693645392,356.3753539166992,0.020203013768542322,-0.0789748223291415,0.20689346881910042,74.21363240675339,40.633966476452926,83.70393726168773,45,Retrieving Tool
2025-07-03 15:09:28.325956+00:00,0.3843539861088286,-0.19189601367474296,354.72060333444705,0.006865527552542626,-0.094048940720143,0.08076668885968075,74.14408463167338,40.570112119698315,83.6517151516582,41,Delivering Tool
2025-07-03 15:12:53.012425+00:00,0.4136241632711205,-0.2003612776922831,352.7886479220577,0.02217912833253929,-0.08053096080080745,0.1554648463228573,74.18417670742696,40.67520272823407,83.5897220470077,39,Delivering Tool
2025-07-03 15:16:23.220002+00:00,0.45368699621333375,-0.2125920917785638,353.83202666699367,0.0062175792217844285,-0.07016976595877374,0.21629137339423687,74.29836184137316,40.54141869159763,83.51550197826572,39,Idle
2025-07-03 15:19:58.186906+00:00,0.43835109588315835,-0.22512234738130865,352.51424416934816,0.02151924071615295,-0.062395531239780644,0.21250203189394773,74.78182823462627,40.54511023792193,83.43737841411887,39,Idle
2025-07-03 15:23:38.392128+00:00,0.47968132027432503,-0.245892727598976,354.0204100726578,0.03475369044244307,-0.06928961881720619,0.21913300362062113,74.42935996925294,40.406269820146626,83.33939011114583,38,Idle
2025-07-03 15:27:23.288321+00:00,0.48477595724071315,-0.29582594644653293,354.9154437285778,0.0505870431698069,-0.05560395660042271,0.24293130520356396,74.746938100467,40.30365475819138,83.2578241158003,39,Retrieving Tool
2025-07-03 15:31:13.006810+00:00,0.44115842907516006,-0.2835770015378145,354.76546647628703,0.04302482582050435,-0.051908599476931,0.36468957543535174,75.08483738284802,40.1061941983474,83.19879981415629,43,Delivering Tool
2025-07-03 15:35:08.223841+00:00,0.4782812283518033,-0.2921712258089031,353.0953308453921,0.031376760982001706,-0.054725643199590744,0.5619449308404871,74.59914729050676,40.22545426877401,83.18336253725604,46,Idle
2025-07-03 15:39:08.287269+00:00,0.48514683458679764,-0.30546091246075907,353.1660149689614,0.03300139628980277,-0.07358815814765025,0.5771823516859909,74.11420938904224,40.054126035765535,83.14616449523557,44,Idle
2025-07-03 15:43:13.165454+00:00,0.4905711849881371,-0.28010827364031987,351.9631080957138,0.03326733717006454,-0.08459161942863389,0.7455550950250049,74.06930049057611,40.052051149426596,83.06223576009754,40,Delivering Tool
2025-07-03 15:47:22.904807+00:00,0.49944085253076753,-0.288015473876238,351.9315302572232,0.04489005237051617,-0.09861145843672114,0.8853801193862927,74.489062799206,40.14032250645874,83.04769397680846,42,Retrieving Tool
2025-07-03 15:51:38.249825+00:00,0.537166074391288,-0.3304667949429028,352.49588504909667,0.03934515628491703,-0.09466561027679637,0.9599555571616206,74.269522395282,40.24354288485682,82.95144581305598,42,Retrieving Tool
2025-07-03 15:55:57.807901+00:00,0.5060368600276578,-0.30600985048571216,350.9364737563371,0.04098929287166837,-0.09133902032864027,1.0078895117172848,74.71479813534769,40.34000960712068,82.93114820005765,37,Retrieving Tool
2025-07-03 16:00:22.935860+00:00,0.4703965900881339,-0.32740820333163073,349.4540876923565,0.05931261362610746,-0.10087469844934455,1.0243801200555724,74.64923367310803,40.390569171046636,82.85138333318334,40,Delivering Tool
2025-07-03 16:04:52.620502+00:00,0.47308886441881737,-0.28660461419385663,351.00815169319793,0.053333054608554586,-0.09705657046314174,0.8652531127893579,74.98985393754465,40.39157320660659,82.7979795249229,40,Idle
2025-07-03 16:09:27.697627+00:00,0.46972296568331723,-0.3025526228835457,351.54131167923777,0.05330369195497593,-0.07982868935616981,0.8792310649080654,75.33057465513852,40.37425729103018,82.77171567857263,41,Idle
2025-07-03 16:14:07.265784+00:00,0.519452731218136,-0.32961903004434195,350.8708115166104,0.05485415218129677,-0.06856462982428255,0.9813487961583568,75.39501462594353,40.50341383340416,82.71485792717523,37,Retrieving Tool
2025-07-03 16:18:51.984250+00:00,0.4893335566391222,-0.2943360078895683,350.6996815953469,0.04950454569608461,-0.07108921215222189,0.8542234683085732,74.90542999100064,40.51431197301904,82.67800844640387,35,Delivering Tool
2025-07-03 16:23:41.814020+00:00,0.46061745824354844,-0.2662010627838522,349.4003345535001,0.05092675195543275,-0.053303557680382474,1.0140021562815118,74.50658758000773,40.56855784380644,82.64020450536411,33,Delivering Tool
2025-07-03 16:28:36.764574+00:00,0.5036836074154565,-0.23004793014173783,348.93810968869474,0.03723951886890605,-0.03780016192020866,1.1586634787387862,74.04661627043778,40.38212890251302,82.5469018431229,37,Retrieving Tool
2025-07-03 16:33:36.363350+00:00,0.5433631661393024,-0.22686428465014902,349.3904442525771,0.019556280165332333,-0.029583187296691904,1.0091498726516739,74.49372705245815,40.50594210985801,82.44879821824756,39,Idle
2025-07-03 16:38:41.485751+00:00,0.5383697983865511,-0.19620352309550845,349.8496869702789,0.014784140496185021,-0.04189239636130039,0.9810512683962779,74.6722078371392,40.68078007796991,82.39423585432277,41,Idle
2025-07-03 16:43:51.267533+00:00,0.5594694732321867,-0.1862745487522286,348.35747977044247,0.002124929303957593,-0.041400355974344764,1.020175461830304,74.7081378081943,40.649756136092435,82.3492267355479,41,Delivering Tool
2025-07-03 16:49:06.412789+00:00,0.5264079159821173,-0.17545093538315196,350.15542005081244,-0.0010686895984153809,-0.05526218166004498,1.0202612219724663,74.68135768719445,40.5299722630238,82.32707774977916,40,Delivering Tool
2025-07-03 16:54:26.651183+00:00,0.5631735709483,-0.20940705380889785,350.5240014226098,-0.015985965994831937,-0.03640738633285012,0.9247376480741462,74.27398596135858,40.62256359575323,82.25121053680328,44,Retrieving Tool
2025-07-03 16:59:51.338081+00:00,0.5759196680376867,-0.22439767602755015,349.97028119777383,-0.008864214871777697,-0.04255530310565,1.0155318554889203,74.03541478050929,40.68475940227647,82.23873752822395,40,Delivering Tool
2025-07-03 17:05:20.840442+00:00,0.6038761635330576,-0.24224460732754194,348.49726896558343,-0.011541605203595626,-0.05695193819577467,0.849442558777241,74.52176977070178,40.6826636776676,82.20490003271311,42,Idle
2025-07-03 17:10:55.464965+00:00,0.5996304324506945,-0.2682300413824473,349.8885360740644,-0.02855092659628255,-0.06579620247883657,0.7693406619400576,74.86605961464231,40.58654866118455,82.13648962987295,39,Idle
2025-07-03 17:16:35.382687+00:00,0.5588746325623581,-0.27884420514419583,351.16248174104805,-0.029498621119697623,-0.06956165074706949,0.6589306470763582,74.36619964273459,40.59876375166682,82.10835018449545,34,Retrieving Tool
2025-07-03 17:22:20.757013+00:00,0.5248697045084734,-0.310504944234731,352.89911146243935,-0.023563924403713844,-0.07803303197852976,0.564769369712312,74.52079336797,40.70147545133666,82.04080369583082,38,Idle
2025-07-03 17:28:10.500236+00:00,0.4762834556400379,-0.33444701027974005,353.4955264620832,-0.004631204187751786,-0.08640276440310565,0.600096159507681,74.84601161911284,40.600848004939536,81.98115786196732,40,Delivering Tool
2025-07-03 17:34:05.588609+00:00,0.45440902151129864,-0.34962344369943793,351.64704872784307,-0.004266914524636678,-0.08677770135245676,0.7943823944469399,74.98532445204516,40.708810733889685,81.8901832024563,39,Delivering Tool
2025-07-03 17:40:06.002587+00:00,0.4264887538049148,-0.3263832215581146,350.0095872746442,0.0023156134167512596,-0.07801379010837131,0.8838331328578692,75.06595932206486,40.659119200358845,81.83500113353472,34,Retrieving Tool
2025-07-03 17:46:10.795298+00:00,0.41631001006736595,-0.28713825224200656,348.7534123459278,-0.014100949913764631,-0.09147133016495787,0.82588191103455,75.48593857584966,40.7613935370779,81.79068287930332,35,Delivering Tool
2025-07-03 17:52:21.165088+00:00,0.4050317829228232,-0.2977341482944548,349.2764321696213,-0.033989340000670235,-0.10749986799008998,0.8856709554443589,75.81631025732739,40.62498162986157,81.76789556857473,36,Idle
2025-07-03 17:58:36.324319+00:00,0.37243014420373977,-0.285104423715855,350.8206284278943,-0.01794610934988732,-0.12293564637668139,0.8354755551445545,76.16158465453164,40.54027742991349,81.75734691351755,37,Delivering Tool
2025-07-03 18:04:56.166795+00:00,0.3989167948253852,-0.26395019653728147,349.7314361504771,-0.036914175491749066,-0.10577525678439692,0.976813987173824,76.26000586033796,40.38731947205876,81.66104421778168,39,Retrieving Tool
2025-07-03 18:11:21.244454+00:00,0.3770130764071331,-0.22252467706295948,351.29789084742816,-0.017890559679573547,-0.12530998358744375,1.135613672007089,76.4108921666766,40.31951676856568,81.62579438921924,39,Retrieving Tool
2025-07-03 18:17:50.872193+00:00,0.3400291085665046,-0.22963334398570714,349.46658509229843,-0.00586396938979071,-0.1342327865460442,0.9464407856809665,76.40899551944305,40.461483422278775,81.52925678191168,36,Delivering Tool
2025-07-03 18:24:25.781209+00:00,0.29737041792237817,-0.1935160943000112,349.01974614706904,-0.0072174747770591755,-0.11967604795523491,0.9251001215568341,76.173573801773,40.539291350486096,81.4309273186288,34,Delivering Tool
2025-07-03 18:31:05.612074+00:00,0.3374041735412846,-0.21370611475212564,350.65893558772996,0.009007440074762726,-0.10046569106633857,0.9368991485582319,75.88684471998943,40.734443851141776,81.38775402209956,29,Idle
2025-07-03 18:37:50.539728+00:00,0.3606207889373352,-0.22178449880674628,351.7790316000283,0.001271132262138229,-0.10609566409463775,1.021476650673254,75.4313358682078,40.884662724056966,81.34345507665442,33,Delivering Tool
2025-07-03 18:44:40.943926+00:00,0.35611378185226955,-0.17272499380316536,353.42015143690156,-0.01618317997648137,-0.12482323030387878,0.983532933291083,75.18180298598611,40.876873987315754,81.32210299915006,34,Retrieving Tool
2025-07-03 18:51:35.850936+00:00,0.31285326552309706,-0.19959103211267795,354.0263279874826,-0.023700364401367906,-0.13874355443022793,1.0199377938594805,74.92014278482405,41.06464459336946,81.26022315878117,35,Idle
2025-07-03 18:58:35.616886+00:00,0.3092904910809027,-0.15443532172099156,353.58762483885965,-0.037023866657943084,-0.12821598361052894,0.9553810896879084,74.48502938132657,41.135780742126215,81.2143504759389,35,Delivering Tool
2025-07-03 19:05:40.457624+00:00,0.3412014749160621,-0.19231416713921035,353.66353873777285,-0.0545051591101548,-0.12054990078548311,1.0046315522588771,74.32437342468015,41.19668178785687,81.19258109651481,33,Delivering Tool
2025-07-03 19:12:50.883102+00:00,0.32602577147482203,-0.17860329869250124,353.8344346839446,-0.06695416802728892,-0.10335337801426846,1.1396891696277494,74.33722632721806,41.133932893669545,81.14665622285825,30,Retrieving Tool
2025-07-03 19:20:06.129884+00:00,0.2989859648661573,-0.17499855752647056,354.3600959822271,-0.05765930568689518,-0.12241531057799614,0.9714091063727488,74.71672605219123,40.953276498329615,81.0653888363315,30,Delivering Tool
2025-07-03 19:27:26.182857+00:00,0.3392149417024392,-0.20987654698532535,354.3339327027388,-0.05019067455715908,-0.12250104145849797,1.0131326632329127,74.22371716407609,40.8783310879297,81.03197728959863,28,Retrieving Tool
2025-07-03 19:34:51.286226+00:00,0.31423560678953094,-0.25915936646092363,356.08071456598014,-0.05717283860472376,-0.10569385312599336,0.916465196842044,74.13022315305734,40.87444334465472,80.96778525604577,28,Idle
2025-07-03 19:42:21.389008+00:00,0.3190801457787415,-0.2645369767349047,357.7458229339826,-0.05446445375284766,-0.09930918367110417,1.0028566704434865,74.25488793773751,40.823229894842044,80.94561369565206,24,Idle
2025-07-03 19:49:56.006813+00:00,0.30955640957701414,-0.23008520842872282,356.6184965373998,-0.05886537511120209,-0.10335958158163033,0.9507687242172016,74.46830724660656,40.66976882814394,80.84664091257179,19,Idle
2025-07-03 19:57:35.715766+00:00,0.2918224381190855,-0.20923877191667634,355.78426545908246,-0.05770553707635523,-0.08575181286356787,0.818966968426919,74.16957367454452,40.51536531891727,80.77410678178659,15,Retrieving Tool
2025-07-03 20:05:20.408799+00:00,0.31219041586993335,-0.1871381759709086,356.5210707634,-0.05653475676911031,-0.09497362308443762,0.6951887457470866,73.92299091693944,40.58709409698521,80.6953821117025,15,Idle
2025-07-03 20:13:10.047713+00:00,0.28393114075689246,-0.19036369357315708,356.5943848676033,-0.073369159379138,-0.10316800961244774,0.8863095874806757,74.11492333371562,40.453261190153384,80.65185564093504,12,Idle
2025-07-03 20:21:04.944002+00:00,0.25760665486528195,-0.20418747597674644,358.00594897918745,-0.05830298576263933,-0.1110443179809983,0.9491252634575804,74.47045365145668,40.30980947488797,80.56851114999239,16,Idle
2025-07-03 20:29:04.506570+00:00,0.3025190544131627,-0.19439556066969604,358.9675672596393,-0.047099168176682873,-0.12604927731815074,0.7850549239283717,74.92136392042896,40.50008249974124,80.52674548515621,15,Idle
2025-07-03 20:37:09.420612+00:00,0.29263216261708047,-0.22529171394344719,357.11309665853173,-0.04215556221049808,-0.13060775157398288,0.756006418822775,75.06618773833905,40.65273825731533,80.50803240910072,18,Idle
2025-07-03 20:45:19.394298+00:00,0.3367739757198134,-0.19337017952533386,359.05681207962505,-0.055296489990012215,-0.12405829165035212,0.6881545278795169,74.5956767488912,40.562868647913405,80.4885930743515,15,Delivering Tool
2025-07-03 20:53:34.839979+00:00,0.35798180280520703,-0.19195309155936618,357.2653491482306,-0.07045915725158382,-0.13836220050977688,0.6100182484179096,75.07798217883308,40.576989793728025,80.45476628313182,18,Retrieving Tool
2025-07-03 21:01:54.597421+00:00,0.3267556111819598,-0.1898723434101493,357.3268618411011,-0.08534475879379984,-0.13290824806217422,0.8071194298435642,74.95324734043446,40.765800579217206,80.39502735413005,16,Retrieving Tool
2025-07-03 21:10:19.594960+00:00,0.27713757856062576,-0.17665681363427366,356.17766483077116,-0.10314605563244988,-0.11604978838906849,0.9817054840311568,74.75806176237249,40.96364085454054,80.31708379951827,14,Delivering Tool
2025-07-03 21:18:49.344367+00:00,0.2414168595260644,-0.20753150305058435,357.37476191807906,-0.08496507246269308,-0.13368191384342953,1.1522304887931663,74.79560829671429,40.97359694055406,80.28148308126539,10,Delivering Tool
2025-07-03 21:27:24.368463+00:00,0.2523861422357351,-0.16977819918383763,357.1821708959097,-0.06856667898214161,-0.14411260785649163,1.1596324009963073,74.39850843179424,40.78705680203161,80.18315525228624,14,Retrieving Tool
2025-07-03 21:36:04.130343+00:00,0.2518198391535652,-0.1819179905176299,359.01054314197046,-0.07649939590628028,-0.16143212082459724,1.3113676423896234,73.90902647780497,40.62583178001877,80.10894439417447,16,Retrieving Tool
2025-07-03 21:44:48.998384+00:00,0.23928752355408872,-0.13822680128493126,0.9204307322779073,-0.059724609394023034,-0.15279104362767748,1.2997190452387726,73.50700276467695,40.57126075590515,80.03647396013528,16,Delivering Tool
2025-07-03 21:53:38.731464+00:00,0.2524787441182896,-0.15049098662782434,1.1720922635071993,-0.0478007274108236,-0.1421869192154366,1.400903896400679,73.43851726276982,40.670054435597045,79.94118941280087,12,Delivering Tool
2025-07-03 22:02:33.816052+00:00,0.2583875857627106,-0.15388014412643986,2.9203939018200606,-0.04257210724808741,-0.15610175820599825,1.4316733793079042,73.74756987733356,40.833813415652834,79.88327082618669,9,Idle
2025-07-03 22:11:33.793512+00:00,0.24014521926432908,-0.16289966591930027,1.4427640273488378,-0.06138666794209402,-0.16660696912707282,1.3739603649004735,74.04961093078434,40.90215889380231,79.8610626806135,13,Delivering Tool
2025-07-03 22:20:38.566275+00:00,0.2250745015626514,-0.1849830911685695,0.07050625950653133,-0.04171977287181253,-0.1657339614681208,1.3265274313678943,73.69095738198295,40.707654358201395,79.81264977526621,17,Delivering Tool
2025-07-03 22:29:49.000476+00:00,0.24031596670123684,-0.1969731316844323,358.95898421794794,-0.054878129451727535,-0.1826318288509856,1.3995850700142618,74.01214022546657,40.68539277375239,79.74175299424037,18,Retrieving Tool
2025-07-03 22:39:03.918106+00:00,0.25512272031667854,-0.17344494333592964,358.92608378414195,-0.06836497086851501,-0.19470180951734214,1.2204912008268913,74.10831000850568,40.8060421084808,79.65210913883386,22,Idle
2025-07-03 22:48:23.791638+00:00,0.2308059580494235,-0.18319569070355704,357.52374220552707,-0.060601810246908965,-0.20332644061493246,1.2326613480277004,74.25758026524561,40.86211216168208,79.55956022267696,22,Retrieving Tool
2025-07-03 22:57:48.746595+00:00,0.274360790163956,-0.2220817162834091,357.49081316496216,-0.043388692746619634,-0.22226867877206766,1.1897735292490095,74.72242109146416,40.814515681428844,79.48117458813614,20,Delivering Tool
2025-07-03 23:07:18.607408+00:00,0.29494529359129984,-0.21864778898706425,355.94626798111636,-0.039934772980262614,-0.20799970442296714,1.2889700430476225,74.73124562168015,40.88442274652384,79.40591024856847,22,Idle
2025-07-03 23:16:53.173054+00:00,0.25397455730509616,-0.1705718059490794,354.1898184450992,-0.05587590659172823,-0.22065177223804072,1.2971619770300342,75.12817603174175,40.85195563700045,79.35485564739308,23,Idle
2025-07-03 23:26:33.218675+00:00,0.29051147308353586,-0.21982083391635518,355.4849347777048,-0.06460280481863294,-0.20525640082584756,1.3529982610360693,75.46688820693798,41.044305299806446,79.27157014258235,19,Idle
2025-07-03 23:36:17.954434+00:00,0.2735438564396056,-0.26769352488350906,356.9982260210571,-0.05359964812045866,-0.20458966141133775,1.2045760452267644,75.0325044360983,41.034160468496715,79.19398585104962,22,Retrieving Tool
2025-07-03 23:46:08.030186+00:00,0.23733077088798693,-0.29512927967962393,356.92204480421714,-0.062376553542589,-0.21315882417634593,1.2578726292772477,75.1569841666971,41.02450664862915,79.17352758959447,22,Idle
2025-07-03 23:56:03.486614+00:00,0.2165561256347031,-0.2831819117052892,355.4622481155233,-0.06547609611889271,-0.2320159467360346,1.1103386693015944,75.51745234758994,41.09892669776206,79.09612348441364,24,Idle
2025-07-04 00:06:03.816874+00:00,0.2567826649947446,-0.23778960929288068,356.98159481924864,-0.08181060042687177,-0.21311817581814071,1.092665409338212,75.61636231624321,40.97685294500101,79.02194937798279,20,Delivering Tool
2025-07-04 00:16:08.420423+00:00,0.2162295410435184,-0.2757341502053076,356.2987249821126,-0.09835423530182683,-0.2263183678399682,0.9086463025041345,76.0018038557555,40.859215693626574,78.92924909828126,17,Delivering Tool
2025-07-04 00:26:18.583395+00:00,0.17525655146596908,-0.2659785041296665,354.37306707787604,-0.11378026755152783,-0.2403726026282329,0.8815912962908796,76.02618833449247,40.746150962063325,78.87894117779892,16,Delivering Tool
2025-07-04 00:36:33.164443+00:00,0.13951478355134633,-0.2774678415860457,355.9685522537695,-0.1254551970446513,-0.22119765262684438,1.0436055720100001,76.15587461784737,40.763752734731234,78.80083200858844,19,Retrieving Tool
2025-07-04 00:46:53.111236+00:00,0.1682100387040739,-0.2826004271547103,356.0762363821204,-0.1392262676914317,-0.20129161174222587,0.9862120783994218,76.50505302976703,40.86716871615553,78.72760388926726,14,Retrieving Tool
2025-07-04 00:57:18.303842+00:00,0.18023694777348953,-0.2747330925185993,354.88043722517455,-0.12256607380072246,-0.19543485030483973,1.176373784504961,76.6188679621312,40.81645101482875,78.68895129544208,11,Idle
2025-07-04 01:07:48.481492+00:00,0.19960865816028672,-0.28062206722144756,354.9516857257322,-0.11513752676913887,-0.20075635698238997,1.2346752544441195,76.89851487836151,40.736364607097975,78.62449004561583,8,Retrieving Tool
2025-07-04 01:18:23.814399+00:00,0.1649131376884389,-0.30791764485851525,356.948404603664,-0.12126818484986433,-0.19365153098625967,1.2766410239854715,76.52478089363652,40.917093633286704,78.58486936061199,7,Idle
2025-07-04 01:29:04.157271+00:00,0.18875994801369617,-0.29455490195108036,358.5435412665954,-0.135518571214178,-0.1942140009224679,1.2279054102348133,76.73290336711375,40.79765310158684,78.5472802592205,5,Idle
2025-07-04 01:39:49.195110+00:00,0.1978156812500783,-0.24641199919355844,358.3009165243885,-0.11966705035180523,-0.20824274631746337,1.3864546621902314,76.98461090108458,40.762468235940986,78.49175344527217,5,Retrieving Tool
2025-07-04 01:50:39.348860+00:00,0.23839352425740265,-0.24258359229026497,356.8806149932822,-0.12546546035694955,-0.22252821186172664,1.2979192431744662,76.79400075146798,40.79528723077888,78.4590111882541,9,Idle
2025-07-04 02:01:33.977376+00:00,0.22143889054927401,-0.23759138528042756,357.7900034869268,-0.1406067081962396,-0.23229826055588457,1.371953949862518,77.08973633371984,40.93663399721506,78.38570347898238,12,Delivering Tool
2025-07-04 02:12:33.899760+00:00,0.19065334644003754,-0.20453023294841705,359.3347500451609,-0.15208898889311484,-0.23694051945123404,1.5492267596483713,76.77968988199042,41.10955975154541,78.2972261142965,13,Idle
2025-07-04 02:23:38.751247+00:00,0.1870458102008312,-0.1726777688447675,359.2964937886634,-0.1357002708020054,-0.2327426652848233,1.5797053426107244,77.10308877345211,41.068046131762905,78.28711899760842,8,Retrieving Tool
2025-07-04 02:34:48.733393+00:00,0.18040317499870628,-0.18650241571033882,359.31659292225135,-0.15089271559889628,-0.21397760622283452,1.5786795548032353,77.39471708126467,40.99093998215659,78.2596648878303,9,Idle
2025-07-04 02:46:04.146166+00:00,0.22345453475509922,-0.16770694039893771,1.1918171115415817,-0.15552269055870635,-0.21375279290285037,1.74042665329467,77.21862687295254,40.953840154363526,78.21850515847727,4,Delivering Tool
2025-07-04 02:57:24.343720+00:00,0.27038955787411634,-0.13541233395828078,1.6613725353887334,-0.1492702942553575,-0.19793291101600283,1.7020400745892996,77.33601607730526,40.76915727613263,78.14471202820431,6,Idle
2025-07-04 03:08:49.026913+00:00,0.2618673979268323,-0.08637257320856612,0.5501982352610861,-0.1627405580969664,-0.19389124425329826,1.8903020382532327,77.37178681180875,40.9554013058308,78.0827808165313,6,Retrieving Tool
2025-07-04 03:20:19.077389+00:00,0.22839511242816266,-0.04675038970748065,0.8418774483736806,-0.14621733931440453,-0.18117949883567078,1.767858076648997,77.23389768940135,40.97174921327285,78.0069433262799,8,Idle
2025-07-04 03:31:54.538590+00:00,0.20329864289764932,-0.0951684827797632,359.26555763475943,-0.12681044891139695,-0.19055363879778625,1.8704367303215372,77.18202152218095,41.086323595169596,77.96304271248324,5,Delivering Tool
2025-07-04 03:43:34.093468+00:00,0.2108982993694502,-0.060552337945312965,1.1439853992915232,-0.13800816065907004,-0.1816784723815741,1.8701342135080588,76.76912255244379,41.23856404901454,77.93211566440624,9,Retrieving Tool
2025-07-04 03:55:19.003439+00:00,0.1610278300448184,-0.03305503460522047,2.351085491875555,-0.14838532071936258,-0.17563851827099322,1.7350741252664268,76.3265409310719,41.16600151563451,77.91344179282143,6,Retrieving Tool
2025-07-04 04:07:08.925976+00:00,0.15875042651432186,0.010105509927972767,0.5471799751543287,-0.13885066139106503,-0.1807270598938765,1.6083911936222537,76.6985617321675,41.31257593910649,77.90203961419107,2,Delivering Tool
2025-07-04 04:19:04.360443+00:00,0.12334348468907136,0.04927184072239492,1.0920740565750133,-0.15781421914933927,-0.1833546236702035,1.6535258109819757,76.74425722407298,41.334645291506725,77.86813554281304,2,Retrieving Tool
2025-07-04 04:31:04.754512+00:00,0.15548354671054143,0.023081640745399784,359.9189565080392,-0.1585222733268577,-0.19432496767553833,1.804426943891903,76.38549626521558,41.27892610613005,77.77689718958945,1,Idle
2025-07-04 04:43:09.315214+00:00,0.14950743789330995,-0.0020674922008372815,0.849233228604021,-0.15381598571850208,-0.21056250933737333,1.7442461668108684,76.7276205374076,41.1222646987228,77.75870017742785,3,Idle
2025-07-04 04:55:19.506034+00:00,0.12899381254523348,-0.04079249680301753,1.2859877522156955,-0.16806241042350611,-0.19233751607071778,1.754185547524252,76.97439613077215,41.094361447479734,77.67113317421631,0,Idle
2025-07-04 05:07:34.630858+00:00,0.1645177754575511,-0.045790297800918256,359.5207353263702,-0.15323105385732624,-0.19639388773761013,1.8581854731096485,76.58593934254166,41.28188711382758,77.59501476706039,0,Delivering Tool
2025-07-04 05:19:54.795893+00:00,0.11820675173743994,-0.05420716390323037,358.1655463841436,-0.1342163294880782,-0.1803042822769523,1.829411283421207,76.29649512603146,41.17367397828036,77.5776806050717,0,Idle
2025-07-04 05:32:20.129448+00:00,0.13053065607172587,-0.090045710999984,356.5840410099021,-0.15390738528459372,-0.1751289556124396,1.925436817318538,75.93898266585288,41.05395146482628,77.49735483281275,0,Delivering Tool
2025-07-04 05:44:49.947994+00:00,0.08118667522687145,-0.08326504721172798,355.50565305354513,-0.16609944716737912,-0.18251260749268958,2.1126185336821224,76.0804913702652,40.90659904101701,77.44609049644336,0,Retrieving Tool
2025-07-04 05:57:24.654078+00:00,0.09434911054966502,-0.12207862614205173,357.0711039869494,-0.15177495049495135,-0.17061176387176075,1.9360846106561216,76.33096658417796,40.76819984934299,77.37852959704945,2,Idle
2025-07-04 06:10:04.619786+00:00,0.09825311751117799,-0.16851893852352778,358.6968248026111,-0.13248866579745971,-0.16055957971008938,2.070875972536037,76.08619261135125,40.712628851098046,77.30030572394206,0,Retrieving Tool
2025-07-04 06:22:49.357190+00:00,0.1226432375051321,-0.17730111748796776,356.84868773388797,-0.13426661381857283,-0.1661413520398341,2.2585607402732486,75.66059318640896,40.80248232091363,77.22109777089071,0,Delivering Tool
2025-07-04 06:35:38.863746+00:00,0.0792534083849823,-0.19141166665156958,357.12150589380013,-0.1361405376346826,-0.18364543008570666,2.3745562262717574,75.30819588437178,40.72298416508102,77.13236992415273,0,Retrieving Tool
2025-07-04 06:48:34.090084+00:00,0.1213231944407152,-0.18994815885103616,356.24779161198916,-0.1287408265797806,-0.16433765851086277,2.392262370137086,75.73929993175855,40.63652542522579,77.08952644457129,4,Delivering Tool
2025-07-04 07:01:34.498875+00:00,0.16303160707001088,-0.21166148927173317,357.0828031566125,-0.1331637504684016,-0.17717014908562037,2.4498865150115456,76.12684639069512,40.588015991423255,77.07376129339578,7,Idle
2025-07-04 07:14:39.644052+00:00,0.15200137502824207,-0.2433260170151157,357.0289205847258,-0.13372103596270388,-0.181681179952856,2.413278318630208,76.44261556529199,40.757187240596785,77.04348591848304,4,Idle
2025-07-04 07:27:49.773067+00:00,0.11728652369237878,-0.2052444745230364,355.5595265956672,-0.15130047347646097,-0.16394310487041144,2.2846973938201063,76.6568692205036,40.64711675311487,76.99840432711432,2,Idle
2025-07-04 07:41:04.991109+00:00,0.1024406970547907,-0.2360327344028004,354.3719343182934,-0.14608409965519087,-0.17715570522468416,2.411536257790476,76.16399922353938,40.753027207571655,76.97587515461656,1,Delivering Tool
2025-07-04 07:54:25.143869+00:00,0.10402643698743701,-0.26919599559099366,353.30423560625115,-0.1503824472853456,-0.1821569020846821,2.294786484428326,76.55138471481607,40.57254628911184,76.89979002899727,2,Idle
2025-07-04 08:07:49.833642+00:00,0.09886453567643383,-0.2370239159871595,352.61364086371606,-0.1613165939423683,-0.1789529893227586,2.4894246437137584,76.18013958183982,40.636427051347354,76.85534880559968,1,Retrieving Tool
2025-07-04 08:21:19.710603+00:00,0.12321437750346435,-0.27837939503186093,350.8770278793258,-0.16636652123681736,-0.17584452733206354,2.395255779519107,76.29856909291705,40.77576519448673,76.84400974555484,3,Idle
2025-07-04 08:34:54.443514+00:00,0.08567606879455499,-0.269317339992391,351.05317166344787,-0.1519427262913817,-0.17727465476788218,2.5865010518206275,75.85424641017885,40.75349292090321,76.7542424995946,7,Retrieving Tool
2025-07-04 08:48:34.879451+00:00,0.03924727152081631,-0.22033842871354856,351.54386355689167,-0.16228150407688557,-0.18738722192579108,2.4850418857551384,75.6953945592974,40.92721258664445,76.70342356292515,5,Idle
2025-07-04 09:02:20.274676+00:00,0.0027021668254942205,-0.2024983417930437,351.5837663375944,-0.14769346196177915,-0.1748189925370224,2.610545585552123,75.54865637015911,40.81014306969466,76.63581020196237,6,Retrieving Tool
2025-07-04 09:16:10.173315+00:00,-0.006138285457932435,-0.19807835017464387,353.4660648089956,-0.1607851553753391,-0.19000993672406688,2.4205802652278496,75.49003446638237,40.91750361029492,76.56213433526445,6,Idle
2025-07-04 09:30:05.569852+00:00,-0.014600816721190991,-0.150049140048013,353.18092910830086,-0.14632025846197125,-0.20457228827185395,2.311772624806559,75.98641039940871,40.777490847990144,76.53085820643928,7,Delivering Tool
2025-07-04 09:44:05.503270+00:00,-0.029896168598508244,-0.18154656333367902,353.06237129650975,-0.1558889132833559,-0.196547145474752,2.340570885288182,75.96160492344437,40.68134801184736,76.48662845627175,7,Retrieving Tool
2025-07-04 09:58:10.919286+00:00,-0.02405635104430487,-0.1335963513939984,353.7034662419847,-0.1537250656085244,-0.17702701331393683,2.4004275583866663,76.24987962456916,40.84043005665058,76.4654960959842,4,Retrieving Tool
2025-07-04 10:12:21.021660+00:00,-0.06003804698964415,-0.127171466654627,355.32912446197366,-0.14492482672091062,-0.15930061738624127,2.5205587038785207,76.18553005632324,40.8348519247385,76.4124694026905,0,Retrieving Tool
2025-07-04 10:26:35.573690+00:00,-0.056463272533652194,-0.08094456404406492,356.1209716499427,-0.13157711162427885,-0.1524525607101126,2.6641077432122184,76.51273557099317,41.024487670807304,76.382085774055,0,Idle
2025-07-04 10:40:56.001085+00:00,-0.0186101521218345,-0.07914247404471403,355.7175688143752,-0.1447094981010591,-0.13370501388896414,2.532543052854751,76.79215461505794,40.89144808782065,76.33760922112876,1,Retrieving Tool
2025-07-04 10:55:21.175196+00:00,-0.009652606616406358,-0.07118479777181749,357.28643491869883,-0.14455058567943269,-0.1237108181170667,2.4166692616394125,76.82404824575875,40.90659289331651,76.30842472344754,5,Retrieving Tool
2025-07-04 11:09:51.019091+00:00,0.016331138197345448,-0.025966992082613063,357.61510434838664,-0.16345010783632652,-0.1395497264123164,2.4835115175315483,77.10697122555457,40.74994504736872,76.24274132285888,7,Idle
2025-07-04 11:24:25.833895+00:00,0.01816671128888405,-0.04875857566048558,358.86593683263794,-0.17720259059960186,-0.14083985312024272,2.6797588925828455,76.87500822220416,40.59624009768069,76.16058681959434,2,Retrieving Tool
2025-07-04 11:39:05.882271+00:00,-0.012201699441948058,-0.06975398751711397,0.14373829833920126,-0.19424284156315988,-0.131169656478707,2.7303977423589845,77.30875766420628,40.7935867766935,76.09100088672142,0,Retrieving Tool
2025-07-04 11:53:51.063240+00:00,-0.018614975245312596,-0.05738007356171384,0.06945961647323884,-0.20541558414817324,-0.13290569959360934,2.551289138104994,77.37688749080851,40.62449880827618,76.00480894843574,0,Idle
2025-07-04 12:08:41.350440+00:00,-0.023116613699796666,-0.0666165715763758,358.912232270775,-0.18778209042183425,-0.12630796131307223,2.3760548838695614,77.68694497255174,40.77949932947401,75.96333572253663,0,Delivering Tool
2025-07-04 12:23:36.678005+00:00,0.005796660448862408,-0.09351863784967328,359.45168410963436,-0.18501339415124984,-0.13918547370541956,2.454464360169134,77.42276823447637,40.613870306739905,75.86588971102249,3,Idle
2025-07-04 12:38:37.107820+00:00,0.030014390727440256,-0.11283295288770442,1.0559322577449848,-0.1917334184324398,-0.1502231447494856,2.6087597790475363,77.78343971560606,40.51904606914803,75.84288414256996,3,Idle
2025-07-04 12:53:41.861914+00:00,0.04377787276637846,-0.1050052737482664,0.2877855106042304,-0.18000795173135403,-0.15811882845862663,2.6835009703709565,77.85194696690503,40.6301023376442,75.78565945347385,0,Retrieving Tool
2025-07-04 13:08:51.544621+00:00,0.07581155524231617,-0.08117054104535074,2.186740297822877,-0.19426108278582163,-0.15002360233151452,2.7240358120142094,77.51097847695165,40.78650903846032,75.77038549067326,0,Retrieving Tool
2025-07-04 13:24:06.779208+00:00,0.0677395071863418,-0.07736390702340899,1.161942783972954,-0.19915860512463995,-0.13489806731527396,2.9028123556420398,77.78397904186028,40.74812840734902,75.69553327851406,3,Idle
2025-07-04 13:39:26.780844+00:00,0.10050970263419086,-0.028555378596796674,0.11415559190619584,-0.19054786079007865,-0.1332843465948339,3.0,77.64225664688774,40.54875661669281,75.6776400488144,3,Delivering Tool
2025-07-04 13:54:51.611465+00:00,0.12667624584982495,0.006078385158653485,359.09149828453087,-0.17135317847140863,-0.1290798414439414,2.8605230197544373,77.4399220776978,40.54034664375625,75.62521738525021,5,Retrieving Tool
